PhyloTree	NodeCoverage	PositionCoverage	Penalty	ReadCoverage
 mtMRCA	709/6539			
+-- L1'2'3'4'5'6	685/6303	5/6	1	146T (100.00% 6/6); 182T (0.00% 0/1); 4312C (0.00% 0/0); 10664C (100.00% 1/1); 10915T (100.00% 6/6); 11914G (0.00% 0/0); 13276A (100.00% 4/4); 16230A (100.00% 5/5)
    +-- L2'3'4'5'6	663/6127	5/5	1	152T (80.00% 4/5); 2758G (100.00% 4/4); 2885T (100.00% 6/6); 7146A (100.00% 4/4); 8468C (80.00% 4/5)
        +-- L2'3'4'6	660/6090	6/7	1	195T (0.00% 0/0); 247G (0.00% 0/0); 825T (100.00% 3/3); 8655C (100.00% 8/8); 10688G (100.00% 3/3); 10810T (83.33% 5/6); 13105A (100.00% 4/4); 13506C (50.00% 1/2); 15301A (0.00% 0/5); 16129G (0.00% 0/0); 16187C (0.00% 0/0); 16189T (0.00% 0/0)
            +-- L3'4'6	650/5958	2/2	1	4104A (100.00% 3/3); 7521G (100.00% 2/2)
                +-- L3'4	650/5956	5/5	1	182C! (100.00% 1/1); 3594C (100.00% 1/1); 7256C (100.00% 2/2); 13650C (100.00% 2/2); 16278C (100.00% 6/6)
                    +-- L3	645/5914	3/3	1	769G (100.00% 5/5); 1018G (100.00% 5/5); 16311T (80.00% 4/5)
                        +-- N	405/3784	5/5	1	8701A (66.67% 2/3); 9540T (80.00% 4/5); 10398A (100.00% 5/5); 10873T (80.00% 4/5); 15301G! (100.00% 5/5)
                            +-- R	328/3059	2/2	1	12705C (100.00% 1/1); 16223C (100.00% 4/4)
                                +-- U	73/686	3/3	1	11467G (100.00% 1/1); 12308G (66.67% 2/3); 12372A (100.00% 1/1)
                                    +-- U2'3'4'7'8'9	36/366	1/1	1	1811G (20.00% 1/5)
                                        +-- U8	22/195	0/1	3	9698C (0.00% 0/2)
                                            +-- U8b'c	21/185	0/1	2	3480G (0.00% 0/5)
                                                +-- U8b	20/183	0/2	2	9055A (0.00% 0/2); 14167T (0.00% 0/4)
                                                    +-- K	20/175	1/5	1	10550G (0.00% 0/1); 11299C (0.00% 0/2); 14798C (0.00% 0/2); 16224C (0.00% 0/4); 16311T! (80.00% 4/5)
                                                        +-- K1	16/146	1/1	1	1189C (0.00% 0/0); 10398A! (100.00% 5/5)
                                                            +-- K1a	15/120	0/1	2	497T (0.00% 0/1); 16093C (0.00% 0/0)
                                                                +-- K1a4	6/34	0/1	2	11485C (0.00% 0/1)
                                                                    +-- K1a4a	5/17	0/1	3	6260A (0.00% 0/3)
                                                                        +-- K1a4a1	5/17	0/2	2	11840T (0.00% 0/2); 13740C (0.00% 0/2)
                                                                            +-- K1a4a1e	2/2	2/2	1	152T! (80.00% 4/5); 16311T! (80.00% 4/5)
